{
  "champion_model": "random_forest",
  "cv_rmse": 263.0268757973177,
  "cv_r2": 0.7156513170994825,
  "final_rmse": 100.45281920486195,
  "final_r2": 0.9601265511390449,
  "final_mae": 45.48677828618576,
  "training_date": "2025-12-18T22:45:54.874309",
  "hyperparameters": {
    "n_estimators": 200,
    "random_state": 2026,
    "n_jobs": -1,
    "max_features": 1.0,
    "min_samples_split": 2,
    "min_samples_leaf": 1
  }
}