model,rmse_mean,rmse_std,r2_score,mae,training_time,run_id
random_forest,263.0268757973177,45.73068993923819,0.7156513170994825,122.87693819148615,5.692121505737305,c4d37fe4c8c641e7bd51b6191b0f0aa4
gradient_boosting,265.1774861472474,49.7360988338623,0.7131609313837339,133.35156907735032,2.441619634628296,8f8ae6a29eb54d3b87d23d2d0795f4d2
xgboost,281.5076437589496,55.750758991357785,0.6751005932191557,133.60562340329668,0.7306568622589111,20abb836b9e74a79a96394896285bb7f
linear_regression,447.434465582499,87.98375932194948,0.18474179002834998,281.09574196263566,10.646049499511719,1e89df1de42b40f1931a84e2436a9f05
svr,524.6593194410038,77.3666309779821,-0.11503846488176969,287.19065827795856,0.8285112380981445,d5e660bcf659445090c4a930bdd6d892
