{
  "champion_model": "random_forest",
  "cv_rmse": 263.02687579731764,
  "cv_r2": 0.7156513170994825,
  "final_rmse": 100.45281920486197,
  "final_r2": 0.9601265511390449,
  "final_mae": 45.48677828618577,
  "training_date": "2025-12-19T16:52:22.194468",
  "hyperparameters": {
    "n_estimators": 200,
    "random_state": 2026,
    "n_jobs": -1,
    "max_features": 1.0,
    "min_samples_split": 2,
    "min_samples_leaf": 1
  }
}