model,rmse_mean,rmse_std,r2_score,mae,training_time,run_id
random_forest,263.02687579731764,45.7306899392382,0.7156513170994825,122.87693819148615,4.29594087600708,7629bf86392944a59cf8bd6eeb6897a7
gradient_boosting,265.1774861472474,49.7360988338623,0.7131609313837339,133.35156907735032,0.8239636421203613,98e283270ed641bca3d0c02908770757
xgboost,281.5076437589496,55.750758991357785,0.6751005932191557,133.60562340329668,0.5368609428405762,4644167d5911410aa226c832a4e9e811
linear_regression,447.434465582499,87.98375932194948,0.18474179002834998,281.09574196263566,6.654067039489746,b4aabf1f0a354fcf91988924c77b00c4
svr,524.6593194410038,77.3666309779821,-0.11503846488176969,287.19065827795856,0.5581626892089844,8b7320fe20504769af044dc7da42cc5c
